"DESCRIPTION","DURATION IN MS","NAME","PARENT SUITE","START TIME","STATUS","STOP TIME","SUB SUITE","SUITE","TEST CLASS","TEST METHOD"
"
Automated Test Case: Verify that a user can successfully search for a product.
","455","test_product_search","tests","2025-10-27","passed","2025-10-27","","test_product_search","",""
"
Automated Test Case: Verify that a logged-in user can successfully log out of the application.
","2509","test_user_logout","tests","2025-10-27","passed","2025-10-27","","test_user_logout","",""
"
Automated Test Case: Verify user can search and add a product to the cart.
","1123","test_add_product_to_cart","tests","2025-10-27","passed","2025-10-27","","test_add_product_to_cart","",""
"
Automated Test Case: Verify that a new user can successfully register an account.
","1767","test_user_registration","tests","2025-10-27","passed","2025-10-27","","test_user_registration","",""
"
End-to-End Test Flow:
1. Register a new user.
2. Logout.
3. Login with the registered credentials.
4. Search and add a product to cart.
5. Verify cart contents.
","4978","test_end_to_end_flow","tests","2025-10-20","passed","2025-10-20","","test_end_to_end","",""
"
Automated Test Case: Verify that login succeeds for valid user credentials.
","4549","test_valid_user_login","tests","2025-10-27","passed","2025-10-27","","test_login","",""
"","1149","test_login_data_driven[Valid login-pavanol@abc.com-test@123-success]","tests","2025-10-20","passed","2025-10-20","","test_login_data_driven","",""
"","975","test_login_data_driven[Invalid login-abcxyz@xyz.com-abcxyx-failure]","tests","2025-10-20","passed","2025-10-20","","test_login_data_driven","",""
"
Automated Test Case: Verify that login fails for invalid user credentials.
","1675","test_invalid_user_login","tests","2025-10-27","passed","2025-10-27","","test_login","",""
